name,name_eng,symbol,type_eng,type,population,rank,distance_tlv,district_eng,district,class_size,bagrut,teacher_student_ratio,income,percent_arab,life_expectancy,diabetes,obesity_grade1,obesity_grade7,cancer_men,cancer_women,voting_rate_knesset_2021,voting_rate_knesset_2022,voting_rate_municipalities_2018,budget_income,budget_income_per_resident,arnona_tax_collection_rate
אום אל-פחם,Umm alFahm,2710,municipality,עירייה,58665,2,60.6,Haifa,חיפה,27,69.8,10.7,7361,99.9,78.8,109.3,20.7,46.5,313,219.1,33.1,33.1,74.2," 376,911 "," 6,535 ", 63 
אופקים,Ofaqim,31,municipality,עירייה,35506,3,87.1,South,הדרום,24,52.1,10.4,8849,0,NA,68.7,19.4,31.8,343.1,353.7,61,61,68.9," 235,562 "," 6,929 ", 44 
אור יהודה,Or Yehuda,2400,municipality,עירייה,38854,5,0,Tel Aviv,תל אביב,24,84.3,10.8,9889,0,NA,64.9,19.8,34.6,306,275.1,66.8,66.8,65.8," 363,098 "," 9,863 ", 91 
אור עקיבא,Or Aqiva,1020,municipality,עירייה,20874,5,39.4,Haifa,חיפה,24,88.1,9.6,9831,0,NA,66.1,15.2,28.5,NA,NA,59.4,59.4,65.5," 178,766 "," 8,982 ", 45 
אילת,Elat,2600,municipality,עירייה,53151,6,323,South,הדרום,25,76.2,10,10236,4.9,80.5,54.9,21,37,374.9,348,41.3,41.3,46.2," 652,157 "," 12,362 ", 66 
אלעד,El'ad,1309,municipality,עירייה,49487,2,11.6,Center,המרכז,25,24.6,14,7407,0,NA,56.1,13,23.4,234.7,231.7,81,81,84.1," 233,417 "," 4,707 ", 74 
אריאל,Ari'el,3570,municipality,עירייה,20520,6,33.3,Yosh,אזור יהודה והשומרון,25,88.3,9.8,10775,0,NA,56.8,16,25.7,NA,NA,61.6,61.6,60.5," 151,073 "," 7,690 ", 82 
אשדוד,Ashdod,70,municipality,עירייה,226827,5,28.5,South,הדרום,26,60,11.5,10154,0,82.5,60.6,18.7,29.6,338.8,316.4,61.6,61.6,66.3," 1,821,167 "," 8,059 ", 88 
אשקלון,Ashqelon,7100,municipality,עירייה,153138,5,43.7,South,הדרום,28,82.3,10.7,9946,0,82.1,58.1,28,39.5,368.6,337.3,58.6,58.6,56.5," 1,080,547 "," 7,244 ", 76 
באקה אל-גרביה,Baqa AlGharbiyye,6000,municipality,עירייה,31397,4,40.6,Haifa,חיפה,27,81.5,10.9,8347,99.9,NA,92.2,20.5,49.6,276.4,249.8,31.3,31.3,NA," 192,613 "," 6,219 ", 63 
באר יעקב,Beer Yaakov,2530,municipality,עירייה,31325,7,9.7,Center,המרכז,26,82.6,11.5,14111,0,NA,51.9,18.2,25.3,NA,NA,NA,72.9,72," 238,037 "," 7,974 ", 87 
באר שבע,Be'er Sheva,9000,municipality,עירייה,214162,5,91.5,South,הדרום,25,81.7,9.8,10296,0,81.5,60.7,23.8,35.8,356.8,313.4,56.6,56.6,50," 1,995,995 "," 9,448 ", 86 
בית שאן,Bet She'an,9200,municipality,עירייה,19073,5,99.5,North,הצפון,21,77.4,9,8709,0,NA,63.3,25.2,32.7,NA,NA,65.2,65.2,78.3,NA,NA,NA
בית שמש,Bet Shemesh,2610,municipality,עירייה,154694,2,43.2,Jerusalem,ירושלים,26,30.4,10.5,8398,0,82.4,55.7,11.1,21.8,274.8,261,61.6,61.6,70.7," 695,795 "," 4,908 ", 77 
ביתר עילית,Betar Illit,3780,municipality,עירייה,64016,1,59.1,Yosh,אזור יהודה והשומרון,25,8.6,12.7,6550,0,81.7,61.2,9.8,18.6,209.2,296.7,77.3,77.3,77.8," 283,993 "," 4,492 ", 81 
בני ברק,Bene Beraq,6100,municipality,עירייה,218357,2,0,Tel Aviv,תל אביב,27,6.6,14.1,7598,0,82.8,56.3,6.8,19.8,264.1,273.1,73.9,73.9,70.7," 1,615,661 "," 7,607 ", 55 
בת ים,Bat Yam,6200,municipality,עירייה,128465,5,0,Tel Aviv,תל אביב,25,77.9,9.8,9170,0,80.9,59.9,16.3,34.2,373.8,359.1,48.6,48.6,39.1," 945,188 "," 7,484 ", 60 
גבעת שמואל,Giv'at Shemu'el,681,municipality,עירייה,28994,8,0.4,Center,המרכז,30,90.2,12.1,16256,0,NA,43.4,13.8,23.7,262.3,296.4,74.6,74.6,65.3," 207,126 "," 7,355 ", 86 
גבעתיים,Giv'atayim,6300,municipality,עירייה,61924,9,0,Tel Aviv,תל אביב,28,94.8,13.5,17619,0,85.1,39.4,15.5,19.6,327.8,328.9,69.3,69.3,49.7," 472,161 "," 7,705 ", 95 
דימונה,Dimona,2200,municipality,עירייה,36776,5,129.3,South,הדרום,23,86.1,9.9,10294,0,NA,77.2,22.5,37.9,354.8,315.9,56.3,56.3,63.1," 339,133 "," 9,449 ", 63 
הוד השרון,Hod HaSharon,9700,municipality,עירייה,65614,9,7,Center,המרכז,28,89,11.1,18753,0,85.9,43,16.4,25.3,281.7,287.3,74.4,74.4,65," 564,161 "," 8,631 ", 92 
הרצלייה,Herzliyya,6400,municipality,עירייה,106741,8,0,Tel Aviv,תל אביב,28,89,11,16658,0,84.9,42.7,17.2,25.7,327.6,330.3,65.3,65.3,52.5," 1,097,777 "," 10,625 ", 85 
חדרה,Hadera,6500,municipality,עירייה,103041,6,32.9,Haifa,חיפה,27,71.7,11.2,10697,0,81.6,61.9,20.9,34.3,331.3,322.2,59.1,59.1,56.2," 759,932 "," 7,552 ", 85 
חולון,Holon,6600,municipality,עירייה,197957,7,0,Tel Aviv,תל אביב,27,79.6,11.2,11241,0,82.7,57.1,18.4,32.9,350.9,326.9,61,61,46.7," 1,582,197 "," 8,013 ", 87 
חיפה,Haifa,4000,municipality,עירייה,290306,7,79.6,Haifa,חיפה,27,77.7,9.8,12368,12.1,83.1,48,19.6,31.5,340.7,353.3,55.1,55.1,48.9," 3,087,181 "," 10,915 ", 70 
חריש,Harish,1247,municipality,עירייה,33380,5,48.7,Haifa,חיפה,27,66.7,NA,10398,0,NA,138,22.1,30.5,NA,NA,NA,67.9,80.1,NA,NA,NA
טבריה,Tiberias,6700,municipality,עירייה,48472,4,113.8,North,הצפון,23,73,9.5,8175,0,NA,55,14.4,30.6,374.6,285.3,55.7,55.7,64.1," 409,870 "," 8,777 ", 90 
טייבה,Tayibe,2730,municipality,עירייה,46020,3,20.6,Center,המרכז,28,84.4,11.7,7740,99.9,NA,94.6,30.4,52.4,280.5,235.1,43.4,43.4,NA," 216,135 "," 4,762 ", 65 
טירה,Tire,2720,municipality,עירייה,27802,5,13.2,Center,המרכז,26,68.5,9.9,8488,99.7,NA,87.3,36.3,52.4,276.6,264.2,47.1,47.1,85.9," 120,855 "," 4,412 ", 58 
טירת כרמל,Tirat Karmel,2100,municipality,עירייה,28753,5,69.7,Haifa,חיפה,25,73.4,8.6,10560,0,NA,65.2,24.4,37.3,NA,NA,62.8,62.8,68.2," 277,282 "," 10,344 ", 73 
טמרה,Tamra,8900,municipality,עירייה,35834,3,93.4,North,הצפון,25,71.8,9.3,7656,99.9,NA,87.6,24.4,42.7,301.7,226.7,52.4,52.4,91," 252,844 "," 7,141 ", 32 
יבנה,Yavne,2660,municipality,עירייה,56232,7,14.7,Center,המרכז,28,85.1,12.2,12230,0,83,57.9,18.9,33.2,300.8,304.6,71,71,68.5," 420,888 "," 7,853 ", 84 
יהוד-מונוסון,YehudMonoson,9400,municipality,עירייה,31405,7,2,Center,המרכז,27,83.9,11.8,14076,0,NA,50.3,21.7,27.2,318.6,304.8,71.7,71.7,68," 232,698 "," 7,600 ", 85 
יקנעם עילית,Yoqne'am Illit,240,municipality,עירייה,24617,7,67.7,North,הצפון,27,88.1,11.8,13410,0,NA,57.2,20.6,28,307.7,346.5,67.2,67.2,59.8," 222,877 "," 9,226 ", 97 
ירושלים,Jerusalem,3000,municipality,עירייה,981711,2,53.4,Jerusalem,ירושלים,26,38,11.4,9153,39.2,83.2,56.1,16.1,32.2,273.1,284.2,59.1,59.1,39.9," 7,112,704 "," 7,361 ", 66 
כפר יונה,Kefar Yona,168,municipality,עירייה,29450,7,21.8,Center,המרכז,26,88.2,12.5,13085,0,NA,55,19.3,29.8,260.9,318.4,71.5,71.5,72.2," 189,655 "," 6,798 ", 89 
כפר סבא,Kefar Sava,6900,municipality,עירייה,101556,8,6.9,Center,המרכז,27,88.6,10.7,15579,0,85.1,45,16.4,24.1,287.2,309.2,69.9,69.9,59.8," 924,146 "," 9,078 ", 93 
כפר קאסם,Kafar Qasem,634,municipality,עירייה,25285,3,10.9,Center,המרכז,27,69.2,10.3,7799,99.8,NA,112,24.4,41.8,209.9,243.5,56.3,56.3,92.3," 192,292 "," 7,767 ", 45 
כרמיאל,Karmi'el,1139,municipality,עירייה,47317,6,111.2,North,הצפון,27,77.4,9.4,10240,4.2,NA,58.2,17.2,31.1,368.8,365.3,56.6,56.6,55.4," 363,666 "," 7,853 ", 93 
לוד,Lod,7000,municipality,עירייה,85351,4,12.5,Center,המרכז,25,68.3,10.1,8902,29.4,80.9,68.8,15.4,32,337.5,311,53.2,53.2,56.4," 608,700 "," 7,367 ", 57 
מגאר,Meghar,481,municipality,עירייה,23998,3,115.4,North,הצפון,25,90.1,9.9,8341,99.9,NA,66.4,14.7,28.9,314.5,251.4,NA,43.4,84.9," 172,081 "," 7,284 ", 31 
מגדל העמק,Migdal HaEmeq,874,municipality,עירייה,27088,5,85.9,North,הצפון,23,73.3,9,8781,0,NA,63,19.3,33.8,365.1,325,60.5,60.5,66," 215,758 "," 8,289 ", 85 
מודיעין-מכבים-רעות,Modi'in Illit,1200,municipality,עירייה,99171,9,25.1,Center,המרכז,28,91.9,10.5,16708,0,87.1,60.3,16.4,25.9,286.2,285.7,81,74.9,64.7," 735,955 "," 7,580 ", 97 
מודיעין עילית,Modi'inMakkabbimRe'ut,3797,municipality,עירייה,83356,1,27.5,Yosh,אזור יהודה והשומרון,28,3.1,14.8,6324,0,83.4,46,7.6,17.6,259.5,225.1,74.9,81,86.2," 348,550 "," 4,303 ", 94 
מעלה אדומים,Ma'ale Adummim,3616,municipality,עירייה,38046,6,62.7,Yosh,אזור יהודה והשומרון,24,86,8.6,10913,0,NA,48.7,18.4,29.5,290,296.1,67.4,67.4,61.7," 334,020 "," 8,894 ", 81 
מעלות-תרשיחא,Ma'alotTarshiha,1063,municipality,עירייה,22521,5,121.4,North,הצפון,24,69.4,9.1,9820,22.6,NA,61.1,21.5,38.6,373.4,355.6,58.3,58.3,70.3," 170,067 "," 7,621 ", 83 
נהרייה,Nahariyya,9100,municipality,עירייה,63947,6,106,North,הצפון,27,74.6,10.1,10946,0,81.8,58.4,21.5,33.7,370.4,356.1,59.2,59.2,65.4," 487,013 "," 8,009 ", 77 
נוף הגליל,Nof HaGalil,1061,municipality,עירייה,44184,5,87.9,North,הצפון,22,78.9,8.6,9240,32.3,NA,62.4,18.7,30.2,             411.1,             355.5,50.5,50.5,59.8," 328,867 "," 7,709 ", 69 
נס ציונה,Nes Ziyyona,7200,municipality,עירייה,50341,8,8.9,Center,המרכז,27,92,11.1,15815,0,86.5,44.7,14.6,24.5,271.2,286.4,74.2,74.2,67," 429,742 "," 8,517 ", 94 
נצרת,Nazareth,7300,municipality,עירייה,78007,3,85.8,North,הצפון,28,70.2,11,8553,99.7,80.3,86,19.5,41.2,327.1,273.2,39,39,81.7,NA,NA,NA
נשר,Nesher,2500,municipality,עירייה,23761,7,81.2,Haifa,חיפה,26,88,9.8,12157,0,NA,50.5,28.2,33.3,323,307.1,60.1,60.1,56," 232,771 "," 9,797 ", 73 
נתיבות,Netivot,246,municipality,עירייה,46374,3,72.7,South,הדרום,25,62.5,10.6,8486,0,NA,63.4,20.9,26.3,273.5,274.8,70.3,70.3,78.9," 257,313 "," 6,121 ", 54 
נתניה,Netanya,7400,municipality,עירייה,233104,6,15.6,Center,המרכז,27,79,10.6,10818,0,83.1,52.4,18.3,32.4,319.3,302.9,56.5,56.5,48," 1,736,799 "," 7,751 ", 73 
סח'נין,Sakhnin,7500,municipality,עירייה,33188,4,105.8,North,הצפון,26,88.5,11.4,8602,99.9,NA,83,32.4,41.7,299.8,218.4,70.3,70.3,93.3," 245,829 "," 7,508 ", 28 
עכו,Akko,7600,municipality,עירייה,51420,4,97.1,North,הצפון,25,79.8,8.7,8876,32.4,72.2,70.7,20.4,36.8,381.7,349.7,52.7,52.7,55.2," 430,478 "," 8,676 ", 52 
עפולה,Afula,7700,municipality,עירייה,61519,5,76.5,North,הצפון,25,78,8.9,9271,0,81.3,59.5,16.6,35.3,367.4,340.2,59.3,59.3,63.5," 427,237 "," 7,232 ", 91 
עראבה,Arrabe,531,municipality,עירייה,27115,3,109.3,North,הצפון,26,85.3,11.4,8449,99.9,NA,93.5,33.1,44.2,320.5,201.4,55.1,55.1,83.9," 188,945 "," 7,092 ", 58 
ערד,Arad,2560,municipality,עירייה,28170,3,122.1,South,הדרום,24,57,10.9,8867,0,NA,79.2,10.1,NA,374.2,348.7,56.9,56.9,63.6," 201,740 "," 7,314 ", 83 
פתח תקווה,Petah Tiqwa,7900,municipality,עירייה,255387,7,4.2,Center,המרכז,26,77.7,10.7,12676,0,83.4,53.5,16.3,28.3,316.8,330.6,66.1,66.1,56.2," 2,116,936 "," 8,392 ", 90 
צפת,Zefat,8000,municipality,עירייה,38029,2,142.7,North,הצפון,23,48.8,8.4,7573,0,NA,48.2,18.8,24,320,300.3,56,56,68.1," 283,520 "," 7,566 ", 61 
קלנסווה,Qalansawe,638,municipality,עירייה,24205,3,24.2,Center,המרכז,26,84,11.5,8138,99.8,NA,118.7,28.3,53.8,188.8,193.7,35,35,72.4," 153,630 "," 6,434 ", 17 
קריית אונו,Qiryat Ono,2620,municipality,עירייה,43241,9,0,Tel Aviv,תל אביב,29,92.5,12.6,18456,0,NA,43,17,25.9,292.2,327.6,73.1,73.1,60.5," 349,413 "," 8,339 ", 85 
קריית אתא,Qiryat Atta,6800,municipality,עירייה,61142,6,86.5,Haifa,חיפה,27,76.8,10.2,10524,0,81.8,61.1,26,31.5,363.2,325.6,61.8,61.8,48.6," 477,989 "," 7,953 ", 85 
קריית ביאליק,Qiryat Bialik,9500,municipality,עירייה,44620,6,86.5,Haifa,חיפה,28,83.4,10.3,10966,0,NA,57.5,18.1,38.1,369.6,368.4,61,61,54.4," 374,695 "," 8,660 ", 92 
קריית גת,Qiryat Gat,2630,municipality,עירייה,64437,4,50.1,South,הדרום,24,68.1,10.3,8962,0,81.2,66,18.9,30.6,335.5,297.1,62.6,62.6,69.5," 620,978 "," 10,250 ", 72 
קריית ים,Qiryat Yam,9600,municipality,עירייה,41095,5,86,Haifa,חיפה,25,75.9,8.7,9036,0,NA,62.1,26.8,37.3,381.7,349,53.4,53.4,47.3," 305,589 "," 7,748 ", 68 
קריית מוצקין,Qiryat Motzkin,8200,municipality,עירייה,48001,7,86,Haifa,חיפה,27,82.9,12,11452,0,NA,58.2,19.9,35.8,406.8,353.4,61.9,61.9,54.4," 275,225 "," 5,911 ", 87 
קריית מלאכי,Qiryat Mal'akhi,1034,municipality,עירייה,25705,4,35.7,South,הדרום,24,69.7,8.9,8255,0,NA,69.4,17,26.7,334.5,327.3,62.5,62.5,67.6," 230,007 "," 9,192 ", 81 
קריית שמונה,Qiryat Shemona,2800,municipality,עירייה,22492,5,163.3,North,הצפון,24,75.7,7.7,8979,0,NA,58.8,24.9,34.5,385.3,319.7,57.2,57.2,65.4,NA,NA,NA
ראש העין,Rosh HaAyin,2640,municipality,עירייה,73678,7,11.6,Center,המרכז,27,79.5,11.5,13391,0,83.8,62.2,15.2,29.4,303.8,288.3,74.9,74.9,71.2," 516,266 "," 7,205 ", 89 
ראשון לציון,Rishon LeZiyyon,8300,municipality,עירייה,260453,7,3.6,Center,המרכז,26,88.6,11,12651,0,84.3,50.7,18.6,29.7,330.1,318,64.4,64.4,51.6," 2,121,202 "," 8,250 ", 84 
רהט,Rahat,1161,municipality,עירייה,79064,1,76.7,South,הדרום,27,65.3,10.7,7306,99.7,79.1,97.9,16,40.4,275.1,164.5,47.8,47.8,84.6," 430,501 "," 5,647 ", 28 
רחובות,Rehovot,8400,municipality,עירייה,150748,7,13.3,Center,המרכז,27,78.7,11.5,12977,0,84.3,49.6,15.7,27.7,315.2,322.2,66.8,66.8,55," 1,152,655 "," 7,795 ", 95 
רמלה,Ramla,8500,municipality,עירייה,79132,5,11,Center,המרכז,25,72,9.7,9074,24.8,81,69.2,19.9,38.2,311.3,301.6,56.3,56.3,58.7," 602,894 "," 7,750 ", 82 
רמת גן,Ramat Gan,8600,municipality,עירייה,172486,8,0,Tel Aviv,תל אביב,27,87,11.4,14954,0,84.9,41.3,16.1,27,295.2,283.3,64.8,64.8,48.8," 1,527,736 "," 9,002 ", 92 
רמת השרון,Ramat HaSharon,2650,municipality,עירייה,48181,9,0,Tel Aviv,תל אביב,27,83.9,11.3,19954,0,NA,38.3,13.7,21,313.8,354.2,71.8,71.8,60," 487,713 "," 10,167 ", 95 
רעננה,Ra'annana,8700,municipality,עירייה,80260,8,2.6,Center,המרכז,27,89.6,10.7,16593,0,86.2,39.7,10.6,20.7,314.1,318.3,66.7,66.7,56.8," 861,630 "," 10,968 ", 96 
שדרות,Sederot,1031,municipality,עירייה,33002,5,61,South,הדרום,24,80.4,9,9804,0,NA,66.1,27,33.7,386.1,272.3,59.8,59.8,68.5," 340,429 "," 11,142 ", 47 
שפרעם,Shefar'am,8800,municipality,עירייה,43543,3,89,North,הצפון,27,79.5,10.6,8428,99.6,NA,79.6,26.6,44.4,320.4,257.4,44.8,44.8,79.2," 241,809 "," 5,621 ", 27 
תל אביב -יפו,Tel Aviv  Yafo,5000,municipality,עירייה,474530,8,0,Tel Aviv,תל אביב,26,79.6,10,16805,4.8,83.1,42.8,15.6,27.3,325.9,336.7,60,60,46.2," 6,279,748 "," 13,422 ", 88 
אבו גוש,Abu Ghosh,472,local municipality,מועצה מקומית,7942,3,41.3,Jerusalem,ירושלים,24,73.5,8,8652,99,NA,NA,NA,NA,NA,NA,40.2,40.2,86.5," 59,934 "," 7,606 ", 65 
אבו סנאן,Abu Sinan,473,local municipality,מועצה מקומית,14687,3,105.3,North,הצפון,24,79.5,9.2,8372,99.8,NA,76.3,19.6,43.9,NA,NA,53.1,53.1,85.1," 97,872 "," 6,771 ", 56 
אבן יהודה,Even Yehuda,182,local municipality,מועצה מקומית,14365,9,14.5,Center,המרכז,27,91.3,14.5,18465,0,NA,45.2,15.6,23.9,NA,NA,74.5,74.5,56.1," 88,843 "," 6,227 ", 87 
אורנית,Oranit,3760,local municipality,מועצה מקומית,9295,8,15.2,Yosh,אזור יהודה והשומרון,27,91.8,12.9,16298,0,NA,NA,NA,NA,NA,NA,76,76,76.1," 62,566 "," 6,865 ", 82 
אזור,Azor,565,local municipality,מועצה מקומית,13593,7,0,Tel Aviv,תל אביב,28,82.4,13.7,11692,0,NA,52.4,14.8,34.7,NA,NA,66.1,66.1,62.4," 100,272 "," 7,442 ", 92 
אכסאל,Iksal,478,local municipality,מועצה מקומית,15336,3,85.3,North,הצפון,26,67.1,11,8572,99.9,NA,103.8,19.9,40.9,NA,NA,42.8,42.8,90.6," 93,043 "," 6,143 ", 40 
אליכין,Elyakhin,41,local municipality,מועצה מקומית,3462,7,30.3,Center,המרכז,24,66.7,10.4,10422,0,NA,NA,NA,NA,NA,NA,73.8,73.8,80.9," 28,121 "," 8,125 ", 82 
אלפי מנשה,Alfe Menashe,3750,local municipality,מועצה מקומית,7975,8,18.2,Yosh,אזור יהודה והשומרון,27,85.6,11.9,14130,0,NA,NA,NA,NA,NA,NA,73.4,73.4,71.9," 63,821 "," 8,012 ", 83 
אלקנה,Elqana,3560,local municipality,מועצה מקומית,4301,8,17.4,Yosh,אזור יהודה והשומרון,28,86.7,9.7,13700,0,NA,NA,NA,NA,NA,NA,81.2,81.2,75.9," 39,355 "," 9,665 ", 91 
אעבלין,I'billin,529,local municipality,מועצה מקומית,13843,3,90.5,North,הצפון,28,75,10.4,8025,99.9,NA,81.3,30.1,42.8,NA,NA,49.7,49.7,89.5," 77,127 "," 5,633 ", 21 
אפרת,Efrat,3650,local municipality,מועצה מקומית,11853,7,66.1,Yosh,אזור יהודה והשומרון,25,88.7,9,12816,0,NA,37.5,16.5,28.7,NA,NA,74.4,74.4,64.1," 113,158 "," 9,586 ", 99 
בועיינה-נוג'ידאת,Bu'eineNujeidat,482,local municipality,מועצה מקומית,10289,2,108.7,North,הצפון,24,74.6,10.3,7464,99.9,NA,NA,12.4,31.4,NA,NA,52.1,52.1,93.7," 80,856 "," 7,976 ", 28 
בוקעאתא,Buq'ata,4001,local municipality,מועצה מקומית,6805,3,180.1,North,הצפון,22,91.9,9.7,7391,100,NA,NA,NA,NA,NA,NA,15.5,15.5,NA,NA,NA,NA
ביר אל-מכסור,Bir ElMaksur,998,local municipality,מועצה מקומית,10175,2,90.1,North,הצפון,24,62.9,10.8,7551,100,NA,NA,NA,NA,NA,NA,39.2,39.2,92.2," 48,645 "," 4,885 ", 45 
בית אל,Bet El,3574,local municipality,מועצה מקומית,6108,4,64.6,Yosh,אזור יהודה והשומרון,23,88.5,8.2,8082,0,NA,NA,NA,NA,NA,NA,76.6,76.6,70.3," 68,233 "," 12,010 ", 96 
בית אריה-עופרים,Bet AryeOfarim,3652,local municipality,מועצה מקומית,5517,7,20.5,Yosh,אזור יהודה והשומרון,23,94,11.1,12791,0,NA,NA,NA,NA,NA,NA,70.5,70.5,81.7," 66,941 "," 12,377 ", 79 
בית ג'ן,Beit Jann,480,local municipality,מועצה מקומית,12433,4,125.1,North,הצפון,25,97.2,10.9,8019,100,NA,59.6,13,31.7,NA,NA,38.4,38.4,93.6," 99,579 "," 8,091 ", 73 
בית דגן,Bet Dagan,466,local municipality,מועצה מקומית,7823,7,2.4,Center,המרכז,26,87.6,11.8,11908,0,NA,NA,NA,NA,NA,NA,72.5,72.5,79.5," 48,175 "," 6,303 ", 82 
"בני עי""ש",Bene Ayish,1066,local municipality,מועצה מקומית,6881,5,27.4,Center,המרכז,23,81.6,10.7,9240,0,NA,NA,NA,NA,NA,NA,61.1,61.1,69.2," 38,735 "," 5,618 ", 79 
בנימינה-גבעת עדה,BinyaminaGiv'at Ada,9800,local municipality,מועצה מקומית,16281,8,45.2,Haifa,חיפה,25,89.3,12.2,17731,0,NA,39.2,13.1,19.5,NA,NA,73,73,67.1," 111,242 "," 6,920 ", 92 
"בסמ""ה",Basma,1326,local municipality,מועצה מקומית,10743,2,56.1,Haifa,חיפה,27,70.6,11.6,7507,100,NA,105.7,15.2,39.1,NA,NA,37.8,37.8,88," 56,880 "," 5,419 ", 47 
בסמת טבעון,Basmat Tab'un,944,local municipality,מועצה מקומית,8145,3,80.4,North,הצפון,24,62.1,10.6,7633,99.8,NA,NA,NA,NA,NA,NA,32.6,32.6,85.4," 43,670 "," 5,413 ", 42 
בענה,Bi'ne,483,local municipality,מועצה מקומית,8629,2,109.1,North,הצפון,22,73.3,10,7233,99.8,NA,NA,NA,NA,NA,NA,56.9,56.9,90.2," 52,990 "," 6,207 ", 27 
גבעת זאב,Giv'at Ze'ev,3730,local municipality,מועצה מקומית,21097,5,42.6,Yosh,אזור יהודה והשומרון,25,44.2,12.2,10412,0,NA,83.2,11,22.5,NA,NA,73.4,73.4,73.6," 128,567 "," 6,417 ", 76 
ג'דיידה-מכר,JudeideMaker,1292,local municipality,מועצה מקומית,21617,3,101.2,North,הצפון,23,80.9,9.8,7901,99.8,NA,NA,21.1,42.8,NA,NA,41.6,41.6,82.5," 121,458 "," 5,647 ", 41 
גדרה,Gedera,2550,local municipality,מועצה מקומית,31438,7,23.5,Center,המרכז,26,89.3,11.9,13288,0,NA,95.1,20.4,31.9,284.3,263.5,69.9,69.9,77.5," 173,041 "," 5,694 ", 92 
ג'ולס,Julis,485,local municipality,מועצה מקומית,6738,5,104.5,North,הצפון,25,88.3,9.6,8968,100,NA,142.8,NA,NA,NA,NA,58.1,58.1,94.3," 44,338 "," 6,660 ", 61 
ג'לג'וליה,Jaljulye,627,local municipality,מועצה מקומית,10609,3,11.4,Center,המרכז,27,69.6,9.1,7227,98.6,NA,NA,24.9,51.3,NA,NA,59.1,59.1,88.9," 60,140 "," 5,739 ", 16 
גן יבנה,Gan Yavne,166,local municipality,מועצה מקומית,24574,7,30.5,Center,המרכז,27,85.8,12.5,13013,0,NA,86,20.8,26.8,319,269.3,71.9,71.9,68.7,NA,NA,NA
גני תקווה,Ganne Tiqwa,229,local municipality,מועצה מקומית,23646,9,1.4,Center,המרכז,29,84.6,13.4,18022,0,NA,45.9,12.7,19.6,NA,NA,75.4,75.4,66.3," 151,844 "," 6,691 ", 94 
ג'סר א-זרקא,Jisr AzZarqa,541,local municipality,מועצה מקומית,15502,2,44.5,Haifa,חיפה,27,33.8,9.5,6680,99.9,NA,49.6,34.2,60.8,NA,NA,24.5,24.5,84.7," 167,777 "," 10,955 ", 24 
ג'ש (גוש חלב),Jish(Gush Halav),487,local municipality,מועצה מקומית,3216,7,137,North,הצפון,25,94.3,10.5,10565,98.5,NA,59.4,NA,NA,NA,NA,45.2,45.2,80.1," 22,103 "," 7,009 ", 43 
ג'ת,Jatt,628,local municipality,מועצה מקומית,12645,5,38.3,Haifa,חיפה,30,90.1,12.6,9383,99.9,NA,46.4,17.4,35.6,NA,NA,26.6,26.6,NA," 93,941 "," 7,532 ", 26 
דאלית אל-כרמל,Daliyat AlKarmel,494,local municipality,מועצה מקומית,18190,5,72.4,Haifa,חיפה,26,86.9,10.8,9100,99.6,NA,65.8,19.4,42.3,NA,NA,40.1,40.1,88.8," 146,898 "," 8,134 ", 72 
דבורייה,Daburiyya,489,local municipality,מועצה מקומית,10831,4,90.3,North,הצפון,25,63.2,11.7,8397,99.8,NA,88.4,21.4,52.6,NA,NA,47.8,47.8,91.5," 59,880 "," 5,554 ", 60 
דייר אל-אסד,Deir AlAsad,490,local municipality,מועצה מקומית,13078,4,109.4,North,הצפון,26,80.9,12.4,8736,100,NA,82,12.6,41.3,NA,NA,61.4,61.4,92.5," 85,239 "," 6,590 ", 28 
דייר חנא,Deir Hanna,492,local municipality,מועצה מקומית,10747,4,112.8,North,הצפון,25,89.1,11,8559,99.9,NA,81.9,17.5,40.3,NA,NA,67.6,67.6,95.8," 75,925 "," 7,164 ", 69 
הר אדר,Har Adar,3769,local municipality,מועצה מקומית,4065,9,44.3,Yosh,אזור יהודה והשומרון,26,90.2,13.7,16928,0,NA,NA,NA,NA,NA,NA,76.7,76.7,76," 29,172 "," 7,102 ", 91 
זכרון יעקב,Zikhron Ya'aqov,9300,local municipality,מועצה מקומית,24145,8,48.8,Haifa,חיפה,25,76.4,11,17595,0,NA,41,14.6,22,292.2,319.1,71.9,71.9,69.9," 186,200 "," 7,805 ", 89 
זמר,Zemer,1290,local municipality,מועצה מקומית,7457,4,34.1,Center,המרכז,27,87.8,11.3,8307,99.9,NA,NA,NA,NA,NA,NA,39.4,39.4,86.4," 39,152 "," 5,320 ", 36 
זרזיר,Zarzir,975,local municipality,מועצה מקומית,8565,2,84.4,North,הצפון,24,53.9,10.8,7559,99.7,NA,NA,NA,NA,NA,NA,34.4,34.4,89.4," 47,829 "," 5,686 ", 52 
חורה,Hura,1303,local municipality,מועצה מקומית,24822,1,93.9,South,הדרום,27,68.8,10.2,7861,99.9,NA,75.7,12,28.1,NA,NA,40.8,40.8,83.8," 179,121 "," 7,481 ", 52 
חורפיש,Hurfeish,496,local municipality,מועצה מקומית,6639,5,129.1,North,הצפון,24,94.8,8.3,9512,100,NA,NA,NA,NA,NA,NA,45.4,45.4,92.6," 57,464 "," 8,732 ", 42 
חצור הגלילית,Hazor HaGelilit,2034,local municipality,מועצה מקומית,10047,4,136.9,North,הצפון,20,58.4,9,8429,0,NA,NA,NA,NA,NA,NA,66.6,66.6,77.3," 95,035 "," 9,734 ", 96 
טובא-זנגרייה,TubaZangariyye,962,local municipality,מועצה מקומית,7095,3,139.6,North,הצפון,24,69.6,9.4,7594,99.9,NA,NA,NA,NA,NA,NA,33,33,84," 45,891 "," 6,546 ", 41 
טורעאן,Tur'an,498,local municipality,מועצה מקומית,14809,3,100.1,North,הצפון,26,76.8,11.5,7830,100,NA,81.1,18,43.9,NA,NA,38.6,38.6,94.2," 83,691 "," 5,711 ", 27 
יאנוח-ג'ת,YanuhJat,1295,local municipality,מועצה מקומית,6930,5,114.6,North,הצפון,22,84.7,9.3,8501,100,NA,NA,NA,NA,NA,NA,45.6,45.6,94.5," 50,533 "," 7,376 ", 50 
יבנאל,Yavne'el,46,local municipality,מועצה מקומית,4542,2,102.3,North,הצפון,20,36.5,11,7743,0,NA,NA,NA,NA,NA,NA,65.8,65.8,83.2," 36,166 "," 8,132 ", 68 
יסוד המעלה,Yesud HaMa'ala,29,local municipality,מועצה מקומית,1798,7,147.6,North,הצפון,19,77.3,NA,11889,0,NA,NA,NA,NA,NA,NA,70.5,70.5,83," 14,412 "," 7,991 ", 91 
יפיע,Yafi,499,local municipality,מועצה מקומית,19704,3,85.5,North,הצפון,26,82.9,9.9,7991,100,NA,89.1,23,39.9,NA,NA,42.2,42.2,79.1," 130,625 "," 6,686 ", 43 
ירוחם,Yeroham,831,local municipality,מועצה מקומית,11170,4,126.3,South,הדרום,25,77.6,8.5,9523,0,NA,71.7,17.6,22.8,NA,NA,62.6,62.6,76.1," 104,667 "," 9,489 ", 69 
ירכא,Yirka,502,local municipality,מועצה מקומית,17759,3,107.6,North,הצפון,25,91.3,7.8,8132,99.6,NA,59.2,17.1,33.9,NA,NA,51,51,96.5," 106,405 "," 6,054 ", 61 
כאבול,Kabul,504,local municipality,מועצה מקומית,14628,3,95.8,North,הצפון,24,65.5,10.9,8167,99.9,NA,89.8,15.9,37,NA,NA,63,63,92," 92,932 "," 6,421 ", 61 
כאוכב אבו אל-היג'א,Kaokab Abu AlHija,505,local municipality,מועצה מקומית,3773,4,98.3,North,הצפון,28,95.8,10.8,8881,99.9,NA,NA,NA,NA,NA,NA,56.1,56.1,90.1," 36,761 "," 9,873 ", 61 
כוכב יאיר,Kokhav Ya'ir,1224,local municipality,מועצה מקומית,8977,10,18.2,Center,המרכז,27,89.2,15.2,17892,0,NA,NA,NA,NA,NA,NA,75.3,75.3,67.5," 70,586 "," 7,888 ", 91 
כסיפה,Kuseife,1059,local municipality,מועצה מקומית,23990,1,110.5,South,הדרום,26,62.8,10.7,7882,99.9,NA,64.2,16,35,NA,NA,46.8,46.8,89.8," 98,269 "," 4,232 ", 36 
כסרא-סמיע,KisraSumei,1296,local municipality,מועצה מקומית,9223,3,120.5,North,הצפון,25,91.6,9.3,8562,100,NA,NA,NA,NA,NA,NA,62.5,62.5,49.3," 60,987 "," 6,696 ", 77 
כעביה-טבאש-חג'אג'רה,Ka'abiyyeTabbashHajajre,978,local municipality,מועצה מקומית,5878,3,85.8,North,הצפון,25,69.1,10.7,7924,99.7,NA,NA,NA,NA,NA,NA,40.5,40.5,95.7," 31,578 "," 5,509 ", 20 
כפר ברא,Kafar Bara,633,local municipality,מועצה מקומית,3946,4,12.6,Center,המרכז,27,83.6,6.9,8386,99.9,NA,NA,NA,NA,NA,NA,55.5,55.5,94.4," 32,848 "," 8,518 ", 56 
כפר ורדים,Kefar Weradim,1263,local municipality,מועצה מקומית,5562,9,118.7,North,הצפון,28,87.6,8.2,16644,4.2,NA,NA,NA,NA,NA,NA,69.2,69.2,63.5," 59,449 "," 10,748 ", 95 
כפר יאסיף,Kafar Yasif,507,local municipality,מועצה מקומית,10394,5,103.9,North,הצפון,28,66.9,12.8,8849,99.8,NA,88.9,27.1,44.4,NA,NA,56.3,56.3,86.9," 72,696 "," 7,042 ", 23 
כפר כמא,Kafar Kama,508,local municipality,מועצה מקומית,3500,6,95.5,North,הצפון,24,72,9.1,10421,99.5,NA,NA,NA,NA,NA,NA,33,33,89.2," 25,503 "," 7,331 ", 60 
כפר כנא,Kafar Kanna,509,local municipality,מועצה מקומית,24108,2,93,North,הצפון,26,75.4,11,7375,99.9,NA,89.1,15.6,32.9,247.7,204,48.1,48.1,93," 141,045 "," 5,950 ", 54 
כפר מנדא,Kafar Manda,510,local municipality,מועצה מקומית,21473,2,92.3,North,הצפון,25,86.8,10.2,7107,100,NA,88.9,24.4,43.8,NA,NA,55.7,55.7,95.5," 146,457 "," 6,950 ", 48 
כפר קרע,Kafar Qara,654,local municipality,מועצה מקומית,20018,5,50.8,Haifa,חיפה,29,71.6,11,8949,99.9,NA,98.9,21.4,44.1,NA,NA,45.5,45.5,85.3," 121,774 "," 6,184 ", 50 
כפר שמריהו,Kefar Shemaryahu,267,local municipality,מועצה מקומית,1951,10,0,Tel Aviv,תל אביב,28,97.1,NA,26822,0,NA,NA,NA,NA,NA,NA,64.7,64.7,57.2," 35,495 "," 18,222 ", 93 
כפר תבור,Kefar Tavor,47,local municipality,מועצה מקומית,4410,8,91.5,North,הצפון,27,79.1,12.2,14783,0,NA,NA,NA,NA,NA,NA,70.6,70.6,77.8," 38,677 "," 8,740 ", 95 
להבים,Lehavim,1271,local municipality,מועצה מקומית,7219,10,79.3,South,הדרום,29,86.1,14,20199,4.4,NA,NA,NA,NA,NA,NA,73.4,73.4,75.6," 53,203 "," 7,626 ", 98 
לקיה,Laqye,1060,local municipality,מועצה מקומית,16011,1,87.5,South,הדרום,27,54.8,11.6,8205,99.9,NA,106.5,12,37.3,NA,NA,40.1,40.1,80.5," 112,392 "," 7,349 ", 25 
מבשרת ציון,Mevasseret Ziyyon,1015,local municipality,מועצה מקומית,25487,8,44.9,Jerusalem,ירושלים,25,83.8,11.1,14558,0,NA,43.4,16.9,19.6,274.9,264.2,69.7,69.7,59.6," 176,898 "," 7,092 ", 82 
מג'ד אל-כרום,Majd alKurum,516,local municipality,מועצה מקומית,15777,3,106.8,North,הצפון,28,77.7,10.8,7649,99.9,NA,89.7,27.4,37.9,NA,NA,NA,54,91.5," 106,021 "," 6,783 ", 49 
מגדל,Migdal,65,local municipality,מועצה מקומית,2031,6,121.4,North,הצפון,NA,65.4,NA,9579,0,NA,81.7,NA,NA,NA,NA,54,62.6,79.8," 28,241 "," 14,205 ", 75 
מג'דל שמס,Majdal Shams,4201,local municipality,מועצה מקומית,11458,3,185,North,הצפון,24,82.6,9.8,7471,100,NA,NA,21.6,44.6,NA,NA,62.6,17.6,3.4," 86,270 "," 7,565 ", 8 
מזכרת בתיה,Mazkeret Batya,28,local municipality,מועצה מקומית,15726,8,19.5,Center,המרכז,27,89.4,11.5,16288,0,NA,56,18.9,24.5,NA,NA,17.6,74.8,73," 101,485 "," 6,580 ", 100 
מזרעה,Mazra'a,517,local municipality,מועצה מקומית,4115,4,103.1,North,הצפון,24,88.9,9.7,8477,99.7,NA,NA,NA,NA,NA,NA,74.8,52,88.5," 23,541 "," 5,773 ", 38 
מטולה,Metula,43,local municipality,מועצה מקומית,1740,7,171.8,North,הצפון,13,73.7,4.3,10609,0,NA,NA,NA,NA,NA,NA,52,58.7,68.4," 14,896 "," 8,801 ", 70 
מיתר,Metar,1268,local municipality,מועצה מקומית,10947,9,93,South,הדרום,28,93.9,14.3,17347,0,NA,NA,15.1,23.8,NA,NA,58.7,73.1,73.5," 77,947 "," 7,378 ", 89 
מסעדה,Mas'ade,4203,local municipality,מועצה מקומית,3869,2,181.2,North,הצפון,25,97.5,8.7,7145,99.9,NA,NA,NA,NA,NA,NA,73.1,19.4,NA," 43,009 "," 11,281 ", 59 
מעיליא,Mi'elya,518,local municipality,מועצה מקומית,3281,7,121,North,הצפון,24,90.7,10.7,11261,97.5,NA,NA,NA,NA,NA,NA,19.4,65,86.8," 26,336 "," 8,060 ", 65 
מעלה אפרים,Ma'ale Efrayim,3608,local municipality,מועצה מקומית,1377,4,61.8,Yosh,אזור יהודה והשומרון,NA,57.1,7.8,8378,0,NA,NA,NA,NA,NA,NA,65,51,NA," 20,912 "," 15,871 ", 76 
מעלה עירון,Ma'ale Iron,1327,local municipality,מועצה מקומית,15861,2,60.9,Haifa,חיפה,25,72.4,11,7566,100,NA,110.9,23.1,39.5,NA,NA,51,31.4,88.3," 110,775 "," 7,082 ", 56 
מצפה רמון,Mizpe Ramon,99,local municipality,מועצה מקומית,5263,3,172,South,הדרום,16,75.3,7.7,7740,4.1,NA,NA,NA,NA,NA,NA,31.4,50.4,63.4," 82,401 "," 15,915 ", 85 
משהד,Meshhed,520,local municipality,מועצה מקומית,8771,2,91.5,North,הצפון,26,77.8,9.6,7481,100,NA,NA,NA,NA,NA,NA,50.4,49.6,92.7,NA,NA,NA
נחף,Nahef,522,local municipality,מועצה מקומית,13717,2,113.9,North,הצפון,26,77.5,10.4,7677,99.8,NA,108.5,21.3,39.3,NA,NA,49.6,47.3,90.1," 95,678 "," 7,057 ", 34 
סאג'ור,Sajur,525,local municipality,מועצה מקומית,4481,4,118.3,North,הצפון,25,84.5,9.7,8512,100,NA,NA,NA,NA,NA,NA,47.3,46.8,95.4," 31,345 "," 7,083 ", 36 
סביון,Savyon,587,local municipality,מועצה מקומית,4054,10,1.7,Center,המרכז,28,94.2,14.7,26554,0,NA,NA,NA,NA,NA,NA,46.8,68.7,57.5," 70,147 "," 17,314 ", 90 
ע'ג'ר,Ghajar,4501,local municipality,מועצה מקומית,2806,3,178.7,North,הצפון,25,69.8,10.6,9111,99.9,NA,NA,NA,NA,NA,NA,68.7,48.4,NA," 22,919 "," 8,349 ", 70 
עומר,Omer,666,local municipality,מועצה מקומית,7710,10,93.9,South,הדרום,30,80,13.2,18826,0,NA,NA,NA,NA,NA,NA,48.4,68.9,73.7," 90,427 "," 11,812 ", 96 
עיילבון,Eilabun,530,local municipality,מועצה מקומית,5799,5,108.9,North,הצפון,28,63,12.6,9949,99.5,NA,NA,NA,NA,NA,NA,68.9,59.1,92.1," 36,971 "," 6,361 ", 29 
עילוט,Ilut,511,local municipality,מועצה מקומית,8863,2,89.6,North,הצפון,24,72.6,9.7,7399,100,NA,NA,NA,NA,NA,NA,59.1,32.2,85.5," 63,544 "," 7,343 ", 63 
עין מאהל,Ein Mahel,532,local municipality,מועצה מקומית,13931,2,91.9,North,הצפון,25,69.4,10.9,6921,99.9,NA,88.5,18.1,38.9,NA,NA,32.2,40.2,95.6," 88,548 "," 6,441 ", 38 
עין קנייא,Ein Qiniyye,4502,local municipality,מועצה מקומית,2190,3,183.6,North,הצפון,22,97.3,10.4,7656,100,NA,NA,NA,NA,NA,NA,40.2,10.3,1," 24,937 "," 11,481 ", 48 
עמנואל,Immanu'el,3660,local municipality,מועצה מקומית,4656,2,35.1,Yosh,אזור יהודה והשומרון,17,33.8,8.2,6339,0,NA,NA,NA,NA,NA,NA,10.3,67.3,73.7," 48,972 "," 11,200 ", 49 
עספיא,Isifya,534,local municipality,מועצה מקומית,12896,5,75.3,Haifa,חיפה,25,90.5,10.1,9358,98.1,NA,69.4,22.4,41.7,NA,NA,67.3,41.7,86.6," 86,956 "," 6,822 ", 50 
ערערה,Ar'ara,637,local municipality,מועצה מקומית,26147,3,52.1,Haifa,חיפה,27,61.7,10.8,8154,99.8,NA,75.2,21.8,46,231,181.1,41.7,39.1,80.1," 118,489 "," 4,589 ", 28 
ערערה-בנגב,Ar'araBaNegev,1192,local municipality,מועצה מקומית,20381,1,118.8,South,הדרום,26,70.3,10.4,7996,99.9,NA,87,10.6,23.4,NA,NA,39.1,48.1,71.5," 94,918 "," 4,823 ", 18 
פוריידיס,Fureidis,537,local municipality,מועצה מקומית,13722,3,50.8,Haifa,חיפה,28,84.5,10.1,7744,99.9,NA,98.5,21.2,43.5,NA,NA,48.1,29,94.3," 97,085 "," 7,154 ", 13 
פסוטה,Fassuta,535,local municipality,מועצה מקומית,3255,6,131.8,North,הצפון,27,68.1,12.1,10597,99.7,NA,NA,NA,NA,NA,NA,29,43.3,83.8," 23,703 "," 7,324 ", 59 
פקיעין (בוקייעה),Peqi'in (Buqei'a),536,local municipality,מועצה מקומית,6104,5,124.3,North,הצפון,26,94.3,10.1,9266,100,NA,NA,NA,NA,NA,NA,43.3,58.5,87.7," 39,788 "," 6,603 ", 55 
פרדס חנה-כרכור,Pardes HannaKarkur,7800,local municipality,מועצה מקומית,44840,7,41.2,Haifa,חיפה,26,82.5,11.5,12865,0,NA,54.2,15.9,31.4,313.3,331.3,58.5,69.2,64.3," 298,401 "," 6,750 ", 75 
פרדסייה,Pardesiyya,171,local municipality,מועצה מקומית,7421,9,18.6,Center,המרכז,29,93.1,12.6,15605,0,NA,NA,NA,NA,NA,NA,69.2,75.8,69.7," 47,710 "," 6,580 ", 87 
קדומים,Qedumim,3557,local municipality,מועצה מקומית,4548,5,34.6,Yosh,אזור יהודה והשומרון,24,86.8,9.1,10312,0,NA,NA,NA,NA,NA,NA,75.8,77.4,75.7," 59,378 "," 12,936 ", 87 
קדימה-צורן,Qadima Zoran,195,local municipality,מועצה מקומית,23220,8,17.2,Center,המרכז,26,87.7,11.2,15711,0,NA,43.3,15.5,19.4,NA,NA,77.4,74.3,71.3,NA,NA,NA
קצרין,Qazrin,4100,local municipality,מועצה מקומית,7876,5,156.1,North,הצפון,25,80,8.3,8357,0,NA,NA,NA,NA,NA,NA,74.3,54.5,63.5," 74,140 "," 9,748 ", 96 
קריית ארבע,Qiryat Arba,3611,local municipality,מועצה מקומית,7490,3,83.2,Yosh,אזור יהודה והשומרון,21,67,6.9,7726,0,NA,NA,NA,NA,NA,NA,54.5,63.7,74.2," 85,646 "," 11,421 ", 81 
קריית טבעון,Qiryat Tiv'on,2300,local municipality,מועצה מקומית,19180,8,75.7,Haifa,חיפה,27,82.7,10.2,14568,0,NA,38.5,11.3,21.3,NA,NA,63.7,67.1,62.3," 120,259 "," 6,494 ", 91 
קריית יערים,Qiryat Ye'arim,1137,local municipality,מועצה מקומית,6555,2,40.2,Jerusalem,ירושלים,26,28,10.3,8782,0,NA,NA,NA,NA,NA,NA,67.1,73.7,NA," 49,257 "," 7,612 ", 82 
קריית עקרון,Qiryat Eqron,469,local municipality,מועצה מקומית,10993,6,16.5,Center,המרכז,23,83.5,10.4,9503,0,NA,61.6,20,28.8,NA,NA,73.7,67.3,70.4," 86,930 "," 7,866 ", 84 
קרני שומרון,Qarne Shomeron,3640,local municipality,מועצה מקומית,9920,6,27,Yosh,אזור יהודה והשומרון,27,85.5,10.6,11100,0,NA,NA,NA,NA,NA,NA,67.3,72.6,70.1," 109,158 "," 11,297 ", 87 
ראמה,Rame,543,local municipality,מועצה מקומית,7798,5,117.8,North,הצפון,29,84,10.7,9410,99.8,NA,NA,NA,NA,NA,NA,72.6,54.5,75.5," 61,744 "," 7,927 ", 49 
ראש פינה,Rosh Pinna,26,local municipality,מועצה מקומית,3308,7,134.1,North,הצפון,30,76.7,NA,10887,0,NA,NA,NA,NA,NA,NA,54.5,66.3,73.5," 49,253 "," 15,216 ", 92 
ריינה,Reine,542,local municipality,מועצה מקומית,19397,3,88.6,North,הצפון,27,73,11.6,7872,99.9,NA,69.7,10.1,49.6,NA,NA,66.3,45.3,85.3," 124,269 "," 6,450 ", 30 
רכסים,Rekhasim,922,local municipality,מועצה מקומית,14198,2,82.5,Haifa,חיפה,25,14.9,11.3,6869,0,NA,53.9,13,25.5,NA,NA,45.3,81.7,NA," 68,510 "," 4,988 ", 52 
רמת ישי,Ramat Yishay,122,local municipality,מועצה מקומית,8120,8,78,North,הצפון,29,83.7,13.9,14830,0,NA,NA,NA,NA,NA,NA,81.7,73.6,69.9," 45,005 "," 5,576 ", 91 
שבלי - אום אל-גנם,ShibliUmm AlGhanam,913,local municipality,מועצה מקומית,6370,3,91.1,North,הצפון,25,73.8,10.9,8084,99.9,NA,NA,NA,NA,NA,NA,73.6,37.3,86.1," 49,848 "," 7,939 ", 34 
שגב-שלום,SegevShalom,1286,local municipality,מועצה מקומית,12540,1,100.4,South,הדרום,27,58.8,11.1,7245,99.9,NA,101.6,7.8,23.9,NA,NA,37.3,49.3,81.6," 98,049 "," 8,264 ", 17 
שוהם,Shoham,1304,local municipality,מועצה מקומית,22731,9,12.8,Center,המרכז,27,94.3,10.9,18142,0,NA,44.4,18.2,22.6,NA,NA,49.3,75.4,72.2," 163,077 "," 7,606 ", 97 
שלומי,Shelomi,812,local municipality,מועצה מקומית,7446,6,116.9,North,הצפון,27,66.7,9.1,10464,0,NA,NA,NA,NA,NA,NA,75.4,63.7,74.3," 65,589 "," 9,297 ", 63 
שעב,Sha'ab,538,local municipality,מועצה מקומית,7469,2,101.8,North,הצפון,24,87.4,10.4,7589,100,NA,NA,NA,NA,NA,NA,63.7,58.9,93.3," 55,163 "," 7,474 ", 35 
שער שומרון,Shaar Shomron,3826,local municipality,מועצה מקומית,8820,,,Yosh,אזור יהודה והשומרון,29,88.9,NA,,0,NA,NA,NA,NA,NA,NA,NA,NA,NA,NA,NA,NA
תל מונד,Tel Mond,154,local municipality,מועצה מקומית,14477,9,15.8,Center,המרכז,27,91.3,12.5,18652,0,NA,57.8,17.7,23.2,NA,NA,58.9,73.7,NA," 102,545 "," 7,232 ", 98 
תל שבע,Tel Sheva,1054,local municipality,מועצה מקומית,22849,1,95.6,South,הדרום,26,57.2,10,7247,99.8,NA,114.6,14.6,39.4,NA,NA,73.7,42.7,78.7,NA,NA,NA
אל קסום,NA,69,regional council,מועצה אזורית,18101,1,,South,הדרום,26,57.9,NA,7576,99.6,NA,NA,NA,NA,NA,NA,42.7,44.8,76.8," 219,928 "," 12,735 ", 0 
אל-בטוף,NA,65,regional council,מועצה אזורית,8565,2,,North,הצפון,24,73.6,9.9,7575,99.9,NA,NA,NA,NA,NA,NA,44.8,43.2,89.4," 71,811 "," 8,541 ", 61 
אלונה,NA,45,regional council,מועצה אזורית,2261,8,,Haifa,חיפה,25,83.3,13.8,15505,0,NA,NA,NA,NA,NA,NA,43.2,76.1,73.6," 19,250 "," 8,460 ", 83 
אשכול,NA,38,regional council,מועצה אזורית,15336,6,,South,הדרום,25,76.5,10,11892,0,NA,NA,NA,NA,NA,NA,76.1,67.6,57.1," 223,319 "," 14,687 ", 80 
באר טוביה,NA,33,regional council,מועצה אזורית,23762,7,,South,הדרום,27,80.5,11.1,13485,0,NA,NA,NA,NA,NA,NA,67.6,74.9,68.1," 318,021 "," 13,339 ", 76 
בוסתן אל-מרג',NA,66,regional council,מועצה אזורית,8255,3,,North,הצפון,24,62.5,11.1,8210,99.9,NA,NA,NA,NA,NA,NA,74.9,43.5,84.4," 48,219 "," 5,926 ", 67 
בני שמעון,NA,41,regional council,מועצה אזורית,11628,7,,South,הדרום,26,82,10,14114,0,NA,NA,NA,NA,NA,NA,43.5,74.6,68," 175,156 "," 15,339 ", 92 
ברנר,NA,28,regional council,מועצה אזורית,8073,8,,Center,המרכז,28,91.4,12.3,15814,0,NA,NA,NA,NA,NA,NA,74.6,76.7,NA," 97,100 "," 12,068 ", 99 
גדרות,NA,32,regional council,מועצה אזורית,5201,9,,Center,המרכז,28,79.5,14.3,17529,0,NA,NA,NA,NA,NA,NA,76.7,76.7,76.4," 42,178 "," 8,124 ", 93 
גולן,NA,71,regional council,מועצה אזורית,20103,6,,North,הצפון,25,85.1,8.4,10397,0,NA,NA,NA,NA,NA,NA,76.7,70.3,65," 176,780 "," 9,201 ", 89 
גוש עציון,NA,76,regional council,מועצה אזורית,26503,6,,Yosh,אזור יהודה והשומרון,24,84.7,8,11223,0,NA,NA,NA,NA,NA,NA,70.3,72.7,64.9," 223,303 "," 8,692 ", 91 
גזר,NA,30,regional council,מועצה אזורית,27730,8,,Center,המרכז,28,90.1,11.5,15608,0,NA,NA,NA,NA,NA,NA,72.7,76.7,69.7," 214,189 "," 7,754 ", 86 
גן רווה,NA,27,regional council,מועצה אזורית,6575,8,,Center,המרכז,25,92.2,11,16055,0,NA,NA,NA,NA,NA,NA,76.7,76,66.4," 46,559 "," 7,070 ", 83 
דרום השרון,NA,20,regional council,מועצה אזורית,34507,9,,Center,המרכז,28,91.2,12.3,16452,0,NA,NA,NA,NA,NA,NA,76,77.5,63.7," 318,345 "," 9,274 ", 94 
הגלבוע,NA,8,regional council,מועצה אזורית,32488,5,,North,הצפון,27,79.3,11.7,10370,38.1,NA,NA,NA,NA,NA,NA,77.5,59.5,71.7," 241,616 "," 7,512 ", 65 
הגליל העליון,NA,1,regional council,מועצה אזורית,19922,7,,North,הצפון,26,77.9,9.4,11085,0,NA,NA,NA,NA,NA,NA,59.5,69.3,53.5," 236,022 "," 12,141 ", 95 
הגליל התחתון,NA,3,regional council,מועצה אזורית,12982,7,,North,הצפון,25,84.5,9.2,11853,0,NA,NA,NA,NA,NA,NA,69.3,73.2,73.2," 155,711 "," 12,170 ", 84 
הערבה התיכונה,NA,54,regional council,מועצה אזורית,3958,7,,South,הדרום,28,74.1,8.6,11112,0,NA,NA,NA,NA,NA,NA,73.2,66.8,64.4," 55,321 "," 14,665 ", 68 
הר חברון,NA,78,regional council,מועצה אזורית,10711,5,,Yosh,אזור יהודה והשומרון,23,91.3,8.9,10373,0,NA,NA,NA,NA,NA,NA,66.8,76.1,61.7," 138,588 "," 13,751 ", 84 
זבולון,NA,12,regional council,מועצה אזורית,14030,5,,Haifa,חיפה,24,79.7,7.9,12400,32.3,NA,NA,NA,NA,NA,NA,76.1,61.8,68.9," 166,663 "," 12,117 ", 78 
חבל אילות,NA,53,regional council,מועצה אזורית,4857,5,,South,הדרום,26,89.5,9.2,11141,0,NA,NA,NA,NA,NA,NA,61.8,61.1,NA," 144,993 "," 30,555 ", 80 
חבל יבנה,NA,29,regional council,מועצה אזורית,6962,5,,Center,המרכז,24,85.8,8,12742,0,NA,NA,NA,NA,NA,NA,61.1,79.2,76.2," 67,502 "," 9,754 ", 57 
חבל מודיעין,NA,25,regional council,מועצה אזורית,24003,7,,Center,המרכז,24,86.5,9.2,14560,0,NA,NA,NA,NA,NA,NA,79.2,76.6,70.7," 239,502 "," 9,935 ", 92 
חוף אשקלון,NA,36,regional council,מועצה אזורית,19567,7,,South,הדרום,26,85,10.3,12634,0,NA,NA,NA,NA,NA,NA,76.6,73.8,73.4," 176,713 "," 9,158 ", 81 
חוף הכרמל,NA,15,regional council,מועצה אזורית,36468,7,,Haifa,חיפה,25,85,9.5,15672,0,NA,NA,NA,NA,NA,NA,73.8,70.2,54.9," 285,508 "," 8,031 ", 88 
חוף השרון,NA,19,regional council,מועצה אזורית,15369,9,,Center,המרכז,29,93.5,9.7,16884,4.3,NA,NA,NA,NA,NA,NA,70.2,73.2,NA," 140,714 "," 9,462 ", 97 
יואב,NA,35,regional council,מועצה אזורית,9257,8,,South,הדרום,27,91.6,11.2,14621,0,NA,NA,NA,NA,NA,NA,73.2,74,NA," 124,698 "," 13,558 ", 83 
לב השרון,NA,18,regional council,מועצה אזורית,23692,8,,Center,המרכז,26,91.8,9.8,15005,0,NA,NA,NA,NA,NA,NA,74,72.9,68.8," 229,433 "," 9,692 ", 84 
לכיש,NA,50,regional council,מועצה אזורית,14076,7,,South,הדרום,27,75.5,12.5,12600,0,NA,NA,NA,NA,NA,NA,72.9,75.3,75.4," 106,694 "," 7,744 ", 80 
מבואות החרמון,NA,55,regional council,מועצה אזורית,7728,7,,North,הצפון,26,73.6,10.4,11117,0,NA,NA,NA,NA,NA,NA,75.3,68.2,70.3," 84,716 "," 11,200 ", 74 
מגידו,NA,13,regional council,מועצה אזורית,12344,7,,North,הצפון,27,91.5,11.4,13872,0,NA,NA,NA,NA,NA,NA,68.2,72.5,52.5," 129,510 "," 10,615 ", 84 
מגילות ים המלח,NA,74,regional council,מועצה אזורית,2103,7,,Yosh,אזור יהודה והשומרון,26,71.4,7.8,11206,0,NA,NA,NA,NA,NA,NA,72.5,72.3,NA," 38,386 "," 18,659 ", 81 
מטה אשר,NA,4,regional council,מועצה אזורית,31586,7,,North,הצפון,26,84,9.5,12111,15.4,NA,NA,NA,NA,NA,NA,72.3,67.4,60.6," 343,403 "," 11,133 ", 71 
מטה בנימין,NA,73,regional council,מועצה אזורית,75447,5,,Yosh,אזור יהודה והשומרון,24,77.2,9.2,10605,0,NA,NA,NA,NA,NA,NA,67.4,75.4,65.3," 720,371 "," 9,801 ", 92 
מטה יהודה,NA,26,regional council,מועצה אזורית,62881,7,,Jerusalem,ירושלים,27,82.3,10,13211,8.7,NA,NA,NA,NA,NA,NA,75.4,70.4,66.6," 479,284 "," 7,676 ", 70 
מנשה,NA,14,regional council,מועצה אזורית,22147,7,,Haifa,חיפה,28,74,10.5,13162,16.7,NA,NA,NA,NA,NA,NA,70.4,68.3,NA," 198,124 "," 9,080 ", 65 
מעלה יוסף,NA,52,regional council,מועצה אזורית,11447,7,,North,הצפון,28,76.5,10,11528,0,NA,NA,NA,NA,NA,NA,68.3,69.5,73.8," 138,148 "," 11,904 ", 76 
מרום הגליל,NA,2,regional council,מועצה אזורית,16205,5,,North,הצפון,19,65.6,7.5,9793,17.4,NA,NA,NA,NA,NA,NA,69.5,64.4,75.4," 153,253 "," 9,644 ", 75 
מרחבים,NA,42,regional council,מועצה אזורית,14891,6,,South,הדרום,24,72.9,9.8,11144,0,NA,NA,NA,NA,NA,NA,64.4,73.9,NA," 150,764 "," 10,322 ", 73 
משגב,NA,56,regional council,מועצה אזורית,30671,7,,North,הצפון,27,84.6,10.2,13135,26.4,NA,NA,NA,NA,NA,NA,73.9,67.6,68.8," 264,371 "," 8,756 ", 77 
נווה מדבר,NA,68,regional council,מועצה אזורית,13913,1,,South,הדרום,26,62.1,NA,7251,99.7,NA,NA,NA,NA,NA,NA,67.6,56.8,80.3," 255,858 "," 19,224 ", 1 
נחל שורק,NA,31,regional council,מועצה אזורית,10230,5,,Center,המרכז,27,81.9,10.7,11316,0,NA,NA,NA,NA,NA,NA,56.8,81.5,NA," 106,125 "," 10,416 ", 94 
עמק הירדן,NA,6,regional council,מועצה אזורית,14584,7,,North,הצפון,26,84.2,9.7,11058,0,NA,NA,NA,NA,NA,NA,81.5,66.7,54.4," 185,086 "," 12,862 ", 91 
עמק המעיינות,NA,7,regional council,מועצה אזורית,14773,6,,North,הצפון,27,86.6,7.4,10538,0,NA,NA,NA,NA,NA,NA,66.7,69.3,59.1," 174,899 "," 12,165 ", 81 
עמק חפר,NA,16,regional council,מועצה אזורית,43222,8,,Center,המרכז,27,83.1,9.7,15114,0,NA,NA,NA,NA,NA,NA,69.3,74.3,62.9," 436,067 "," 10,169 ", 86 
עמק יזרעאל,NA,9,regional council,מועצה אזורית,40700,8,,North,הצפון,25,87.8,10.7,14632,4.9,NA,NA,NA,NA,NA,NA,74.3,73.2,61.8," 415,196 "," 10,342 ", 91 
ערבות הירדן,NA,75,regional council,מועצה אזורית,6333,6,,Yosh,אזור יהודה והשומרון,24,82.6,9.8,10805,0,NA,NA,NA,NA,NA,NA,73.2,70.5,71.7," 103,047 "," 16,802 ", 93 
רמת נגב,NA,48,regional council,מועצה אזורית,8482,6,,South,הדרום,25,92.5,10.2,11608,5.8,NA,NA,NA,NA,NA,NA,70.5,65.8,NA," 142,884 "," 16,697 ", 93 
שדות דן,NA,40,regional council,מועצה אזורית,15905,6,,Center,המרכז,26,60.1,10.4,11572,0,NA,NA,NA,NA,NA,NA,65.8,73.2,NA," 131,489 "," 8,225 ", 73 
שדות נגב,NA,39,regional council,מועצה אזורית,11228,6,,South,הדרום,24,79.7,8.7,10914,0,NA,NA,NA,NA,NA,NA,73.2,77.2,NA," 120,253 "," 10,871 ", 94 
שומרון,NA,72,regional council,מועצה אזורית,43589,6,,Yosh,אזור יהודה והשומרון,27,83.1,10.7,11569,0,NA,NA,NA,NA,NA,NA,77.2,78.1,68.1," 463,763 "," 9,283 ", 84 
שער הנגב,NA,37,regional council,מועצה אזורית,9362,7,,South,הדרום,28,82.8,10.9,12913,0,NA,NA,NA,NA,NA,NA,78.1,70.5,62.3," 153,727 "," 16,947 ", 86 
שפיר,NA,34,regional council,מועצה אזורית,13368,5,,South,הדרום,24,86.8,10.3,10699,0,NA,NA,NA,NA,NA,NA,70.5,79.7,83.7," 162,708 "," 12,659 ", 68 
תמר,NA,51,regional council,מועצה אזורית,1594,7,,South,הדרום,20,80,5.9,11267,0,NA,NA,NA,NA,NA,NA,79.7,63.9,65.8," 188,753 "," 120,070 ", 29 
